panel,fine_bin,T
a,0,1.01348
a,1,1.01801
a,2,1.01334
a,3,0.999162
a,4,1.03125
a,5,1.02316
a,6,0.992539
a,7,0.965044
a,8,0.948906
a,9,0.92884
a,10,0.95668
a,11,0.990784
a,12,0.99868
a,13,0.954901
a,14,0.959307
a,15,1.02351
a,16,1.03907
a,17,1.03949
a,18,0.989854
a,19,0.996564
a,20,0.967319
a,21,1.0231
a,22,1.05444
a,23,1.0296
a,24,0.999208
a,25,0.975367
a,26,1.00597
a,27,0.982793
a,28,1.01342
a,29,1.08505
a,30,0.985132
a,31,1.02948
a,32,0.999396
a,33,1.03857
a,34,1.01032
a,35,1.01997
a,36,1.04126
a,37,1.24069
a,38,1.10402
a,39,0.994483
a,40,0.993309
a,41,0.92962
a,42,1.01303
a,43,0.976963
a,44,0.984271
a,45,1.18198
a,46,1.04861
a,47,1.00069
a,48,1.04746
a,49,1.02714
a,50,0.981066
a,51,1.05646
a,52,1.0231
a,53,1.18315
a,54,1.23175
a,55,1.14116
a,56,1.03426
a,57,1.13977
a,58,1.31417
a,59,2.27917
a,60,1.06555
a,61,8.72975
a,62,18.6151
a,63,7.59825
a,64,1.0826
a,65,1.36843
a,66,1.2858
a,67,1.93099
a,68,1.1902
a,69,1.3871
a,70,2.98678
a,71,3.59202
a,72,1.42977
a,73,1.08656
a,74,1.00546
a,75,1.20841
a,76,1.15466
a,77,1.10767
a,78,1.17266
a,79,1.35347
a,80,1.13338
a,81,1.06219
a,82,1.08754
a,83,1.05989
a,84,1.33759
a,85,1.79886
a,86,1.34201
a,87,1.06707
a,88,1.14416
a,89,1.07911
a,90,1.09472
a,91,1.07184
a,92,1.04755
a,93,1.01559
a,94,1.02535
a,95,0.991837
a,96,0.979738
a,97,0.958371
a,98,0.995765
a,99,1.06909
a,100,1.00658
a,101,1.44304
a,102,1.67739
a,103,1.18555
a,104,0.964678
a,105,1.03004
a,106,1.03043
a,107,1.02334
a,108,1.06855
a,109,1.02389
a,110,1.05231
a,111,0.988663
a,112,1.00557
a,113,1.01149
a,114,0.976321
a,115,1.02861
a,116,0.968463
a,117,1.02704
a,118,0.981072
a,119,0.951462
a,120,0.996203
a,121,1.01261
a,122,1.00657
a,123,0.994491
a,124,0.970234
a,125,0.94311
a,126,0.999845
a,127,0.993269
a,128,0.985898
a,129,1.00567
a,130,0.973195
a,131,1.00154
a,132,0.973253
a,133,1.0018
a,134,1.00663
a,135,0.995595
a,136,0.961622
a,137,0.961456
a,138,0.987239
a,139,0.978393
a,140,0.97314
a,141,1.01724
a,142,1.0476
a,143,1.0946
a,144,1.01817
a,145,1.03431
a,146,1.01161
a,147,0.983031
a,148,1.00357
a,149,1.00471
a,150,1.03157
a,151,1.13413
a,152,1.13892
a,153,1.0405
a,154,1.32549
a,155,1.82678
a,156,1.37666
a,157,1.01972
a,158,1.04476
a,159,1.12756
a,160,1.1004
a,161,1.02819
a,162,1.04391
a,163,1.04496
a,164,1.13615
a,165,1.49678
a,166,1.00974
a,167,3.87475
a,168,5.9736
a,169,3.01331
a,170,1.03123
a,171,1.15053
a,172,1.13444
a,173,1.30089
a,174,1.01645
a,175,1.08837
a,176,1.00525
a,177,1.15949
a,178,0.998164
a,179,0.989156
a,180,1.0276
a,181,0.982992
a,182,0.961159
a,183,0.995192
a,184,1.00273
a,185,1.05432
a,186,1.02548
a,187,1.02278
a,188,0.957712
a,189,0.925999
a,190,1.00355
a,191,1.03166
a,192,1.01548
a,193,1.02278
a,194,0.994835
a,195,0.946009
a,196,1.00897
a,197,1.00195
a,198,1.03674
a,199,1.00979
a,200,0.942356
a,201,0.985492
a,202,0.951343
a,203,0.996747
a,204,0.990279
a,205,0.993795
a,206,1.01829
a,207,1.02776
a,208,1.03092
a,209,0.961821
a,210,0.94446
a,211,0.995348
a,212,1.04682
a,213,1.02048
a,214,0.972708
a,215,1.01058
a,216,0.998521
a,217,1.00419
a,218,0.980477
a,219,0.959724
a,220,0.95718
a,221,1.05432
a,222,1.0375
a,223,0.973335
a,224,1.02869
a,225,0.981806
a,226,0.940694
a,227,0.977813
a,228,0.937012
a,229,0.925022
a,230,0.955282
a,231,1.00095
a,232,1.00463
a,233,0.954749
a,234,0.998178
a,235,0.995283
a,236,0.972282
a,237,0.986862
a,238,0.971241
a,239,1.05984
a,240,1.04121
a,241,1.00666
a,242,1.03199
a,243,1.01183
a,244,0.989139
a,245,0.99196
a,246,1.02884
a,247,1.04062
a,248,0.995589
a,249,0.94987
a,250,0.958047
a,251,1.02547
a,252,0.975645
a,253,0.953903
a,254,0.988204
a,255,1.02673
b,0,0.506364
b,1,0.757822
b,2,0.825917
b,3,0.88821
b,4,1.53663
b,5,3.19092
b,6,1.01876
b,7,0.647411
b,8,1.86882
b,9,1.50758
b,10,1.03823
b,11,0.418483
b,12,0.646005
b,13,0.653753
b,14,0.940065
b,15,1.22316
b,16,0.920549
b,17,0.449782
b,18,0.602457
b,19,1.77055
b,20,0.801979
b,21,0.750176
b,22,0.974753
b,23,0.623177
b,24,0.670407
b,25,1.05649
b,26,1.20669
b,27,0.72168
b,28,2.19307
b,29,2.89202
b,30,0.827905
b,31,0.624872
b,32,0.669059
b,33,1.17407
b,34,2.02011
b,35,2.18398
b,36,0.896218
b,37,0.552855
b,38,1.03541
b,39,1.138
b,40,1.04603
b,41,1.19504
b,42,0.755161
b,43,0.655387
b,44,1.31912
b,45,1.23281
b,46,1.14206
b,47,0.931174
b,48,0.3865
b,49,0.785739
b,50,0.719521
b,51,0.548747
b,52,0.537008
b,53,0.561171
b,54,0.672553
b,55,0.47277
b,56,0.597222
b,57,1.13953
b,58,0.727458
b,59,0.730647
b,60,0.758671
b,61,1.37437
b,62,2.58523
b,63,0.914918
b,64,0.486836
b,65,0.747243
b,66,0.829661
b,67,0.571617
b,68,0.582122
b,69,0.899464
b,70,0.799944
b,71,0.907733
b,72,1.30107
b,73,0.980406
b,74,0.741809
b,75,0.677919
b,76,0.485653
b,77,0.568353
b,78,0.886004
b,79,0.999012
b,80,1.08568
b,81,1.51226
b,82,1.45612
b,83,0.529865
b,84,1.12357
b,85,1.60177
b,86,0.948205
b,87,0.555182
b,88,0.653412
b,89,0.504432
b,90,1.04132
b,91,1.21601
b,92,0.740495
b,93,0.687163
b,94,0.78383
b,95,1.07405
b,96,0.866738
b,97,0.777554
b,98,0.713525
b,99,0.707939
b,100,0.710757
b,101,0.628367
b,102,0.610427
b,103,0.441565
b,104,0.857413
b,105,1.04069
b,106,0.986865
b,107,0.554477
b,108,0.487598
b,109,0.861821
b,110,0.707737
b,111,0.769071
b,112,0.795573
b,113,0.544322
b,114,0.941841
b,115,0.822554
b,116,1.07397
b,117,0.635328
b,118,0.770207
b,119,1.72258
b,120,1.14259
b,121,0.795295
b,122,1.41905
b,123,1.27734
b,124,0.763656
b,125,1.07246
b,126,0.742124
b,127,0.584928
b,128,0.483203
b,129,0.582505
b,130,0.322316
b,131,0.473042
b,132,1.05363
b,133,0.984266
b,134,1.25448
b,135,0.694014
b,136,0.504973
b,137,1.88176
b,138,2.61265
b,139,2.54544
b,140,1.23074
b,141,0.606794
b,142,0.72224
b,143,0.863176
b,144,1.01894
b,145,0.465833
b,146,0.309792
b,147,0.505717
b,148,0.861649
b,149,0.91652
b,150,0.656979
b,151,1.29034
b,152,1.56096
b,153,0.715486
b,154,0.461048
b,155,0.648688
b,156,0.587392
b,157,0.509221
b,158,0.515212
b,159,0.507206
b,160,1.37994
b,161,1.22631
b,162,1.02052
b,163,0.713358
b,164,0.959943
b,165,0.347282
b,166,0.453375
b,167,0.858136
b,168,1.04284
b,169,0.601935
b,170,0.711243
b,171,0.613379
b,172,0.686521
b,173,0.675645
b,174,0.66463
b,175,1.32874
b,176,2.03679
b,177,2.28401
b,178,1.58139
b,179,0.641343
b,180,0.83273
b,181,1.66772
b,182,1.33745
b,183,1.22788
b,184,0.889732
b,185,0.674732
b,186,1.28632
b,187,1.15102
b,188,1.104
b,189,1.28958
b,190,0.956203
b,191,0.692208
b,192,1.29625
b,193,0.992775
b,194,0.862259
b,195,1.40092
b,196,1.43212
b,197,0.877696
b,198,0.820211
b,199,0.946594
b,200,0.581069
b,201,0.825849
b,202,0.797945
b,203,0.940476
b,204,1.64431
b,205,0.760454
b,206,0.378491
b,207,0.547315
b,208,0.638387
b,209,0.628523
b,210,0.565449
b,211,2.34351
b,212,2.66864
b,213,0.937788
b,214,1.09942
b,215,1.37747
b,216,1.42146
b,217,1.08454
b,218,0.851979
b,219,0.644778
b,220,0.662709
b,221,0.953891
b,222,0.652034
b,223,0.844557
b,224,0.779559
b,225,0.561324
b,226,0.531615
b,227,0.658596
b,228,0.971441
b,229,0.690979
b,230,0.442351
b,231,0.676076
b,232,1.48607
b,233,1.29855
b,234,1.07871
b,235,0.695354
b,236,0.703229
b,237,0.788519
b,238,0.770518
b,239,1.08984
b,240,1.65199
b,241,3.4826
b,242,1.15866
b,243,0.578546
b,244,0.494761
b,245,1.10044
b,246,0.574381
b,247,0.522337
b,248,0.704536
b,249,0.612613
b,250,1.47757
b,251,1.24463
b,252,0.936591
b,253,0.676415
b,254,0.361416
b,255,0.541228
